{"iteration":138,"losses/explained_variance":0.6813544034957886,"losses/value_loss":7.582983016967773,"_wandb":{"runtime":605},"losses/old_approx_kl":0.020151974633336067,"losses/clipfrac":0.0553863525390625,"_runtime":605,"learning_rate":0.00016524590163934425,"losses/policy_loss":-0.012139709666371346,"_step":137,"charts/SPS":7542,"losses/approx_kl":0.007040906697511673,"_timestamp":1.757054002283786e+09,"global_step":4521984,"losses/entropy":28.153053283691406}