{"_runtime":1917,"losses/old_approx_kl":0.0003105361829511821,"_timestamp":1.757053007636414e+09,"losses/clipfrac":0,"iteration":305,"losses/policy_loss":-0.0009808875620365143,"losses/value_loss":0.2064044326543808,"_wandb":{"runtime":1917},"learning_rate":9.836065573770368e-07,"charts/SPS":3665,"losses/entropy":-1.9512690305709839,"eval/mean_return":6.600087070935976,"losses/approx_kl":0.00030408333986997604,"_step":305,"global_step":9994240,"losses/explained_variance":0.9871874218806624}