{"losses/old_approx_kl":0.007137274835258722,"losses/approx_kl":0.006122955586761236,"charts/SPS":5302,"_step":114,"losses/value_loss":1.5199397802352905,"losses/policy_loss":-0.006344219669699669,"losses/explained_variance":0.9647124372422695,"losses/clipfrac":0.046875,"_timestamp":1.7570802134252741e+09,"losses/entropy":8.586775779724121,"iteration":115,"global_step":3768320,"learning_rate":0.00018786885245901638,"_runtime":719,"_wandb":{"runtime":719}}