{"_timestamp":1.757057249050358e+09,"_runtime":1578,"losses/explained_variance":0.538876086473465,"charts/SPS":6361,"_wandb":{"runtime":1578},"losses/approx_kl":1.49203697219491e-06,"losses/policy_loss":-2.3216940462589264e-05,"losses/entropy":33.81033706665039,"losses/old_approx_kl":-1.652166247367859e-05,"losses/value_loss":11.311426162719727,"_step":305,"learning_rate":9.836065573770368e-07,"eval/mean_return":563.9431299820263,"iteration":305,"global_step":9994240,"losses/clipfrac":0}