{"_wandb":{"runtime":24},"losses/entropy":17.343734741210938,"eval/mean_return":576.0821894497201,"global_step":98304,"losses/approx_kl":0.0044295163825154305,"_timestamp":1.757064292943553e+09,"_runtime":24,"learning_rate":0.0001,"_step":3,"losses/explained_variance":-0.1481626033782959,"losses/value_loss":48.77460861206055,"losses/clipfrac":0.0214202880859375,"charts/SPS":6402,"losses/old_approx_kl":0.0025319410488009453,"losses/policy_loss":-0.0038709379732608795,"iteration":3}