{"iteration":3,"losses/entropy":17.353511810302734,"_step":3,"global_step":98304,"losses/clipfrac":0.026373291015625,"_runtime":46,"learning_rate":0.0001,"losses/old_approx_kl":0.007756008766591549,"losses/policy_loss":-0.0005074199289083481,"losses/value_loss":48.38203430175781,"charts/SPS":6596,"_timestamp":1.757064102743505e+09,"eval/mean_return":623.4986758677009,"_wandb":{"runtime":46},"losses/explained_variance":-0.10913169384002686,"losses/approx_kl":0.005224966444075108}