{"losses/old_approx_kl":0.0038986150175333023,"eval/mean_return":622.826449869431,"charts/SPS":6358,"learning_rate":0.0001,"_step":3,"losses/approx_kl":0.005335291847586632,"_wandb":{"runtime":24},"losses/explained_variance":-0.10699427127838135,"losses/clipfrac":0.0294921875,"_runtime":24,"losses/value_loss":48.75685501098633,"losses/entropy":17.29524040222168,"iteration":3,"losses/policy_loss":-0.0015160217881202698,"global_step":98304,"_timestamp":1.75706459710754e+09}