{"_timestamp":1.757063817889767e+09,"iteration":2,"_runtime":20,"losses/clipfrac":0.0458404541015625,"losses/explained_variance":0.055259883403778076,"losses/value_loss":50.024532318115234,"losses/approx_kl":0.005479275248944759,"losses/policy_loss":-0.004322460386902094,"global_step":65536,"losses/old_approx_kl":0.005952342413365841,"learning_rate":0.0002990163934426229,"_step":1,"_wandb":{"runtime":20},"charts/SPS":6464,"losses/entropy":17.297101974487305}