{"_runtime":1847,"losses/clipfrac":0,"global_step":9994240,"losses/old_approx_kl":8.554034866392612e-05,"losses/policy_loss":-0.0008466746658086777,"iteration":305,"learning_rate":9.836065573770368e-07,"losses/approx_kl":0.00011281511979177594,"losses/explained_variance":0.971441138535738,"charts/SPS":5429,"_timestamp":1.757082073684066e+09,"_step":305,"eval/mean_return":19.483044331693176,"losses/entropy":7.012540817260742,"_wandb":{"runtime":1847},"losses/value_loss":2.115003824234009}