{"charts/SPS":6163,"_step":30,"eval/mean_return":575.5391019352762,"losses/old_approx_kl":-0.0010037664324045181,"_timestamp":1.75706399558462e+09,"_wandb":{"runtime":168},"iteration":30,"losses/policy_loss":0.00074425945058465,"learning_rate":9.999999999999997e-06,"losses/explained_variance":0.4606563448905945,"losses/clipfrac":0,"global_step":983040,"losses/approx_kl":0.00027490308275446296,"losses/entropy":19.362369537353516,"_runtime":168,"losses/value_loss":36.69446563720703}