{"losses/approx_kl":0.005654170177876949,"global_step":131072,"_timestamp":1.7570556571511521e+09,"_step":3,"losses/policy_loss":-0.004949543625116348,"learning_rate":0.0002970491803278688,"iteration":4,"_wandb":{"runtime":31},"charts/SPS":6472,"losses/old_approx_kl":0.003756871446967125,"losses/value_loss":47.26446533203125,"losses/clipfrac":0.0504425048828125,"_runtime":31,"losses/explained_variance":0.12603288888931274,"losses/entropy":17.587736129760742}