{"charts/SPS":6532,"losses/entropy":17.345491409301758,"losses/policy_loss":0.000125163234770298,"learning_rate":0.0001,"losses/approx_kl":0.004761527292430401,"_wandb":{"runtime":24},"_runtime":24,"losses/old_approx_kl":0.00410639401525259,"losses/clipfrac":0.027056884765625,"_timestamp":1.7570643549288268e+09,"eval/mean_return":622.9292463864367,"losses/explained_variance":0.020816028118133545,"_step":3,"iteration":3,"global_step":98304,"losses/value_loss":48.3977165222168}