{"learning_rate":9.836065573770368e-07,"losses/old_approx_kl":1.514330506324768e-06,"_runtime":1112,"losses/clipfrac":0,"charts/SPS":4521,"losses/approx_kl":2.3830216377973557e-07,"eval/mean_return":-914.3894292441473,"losses/value_loss":418.86065673828125,"global_step":4997120,"losses/policy_loss":-1.6458332538604736e-05,"_wandb":{"runtime":1112},"iteration":305,"_timestamp":1.757180495140387e+09,"losses/explained_variance":0.14174771308898926,"_step":305,"losses/entropy":14.556303977966309}