{"losses/explained_variance":0.9579452015459538,"learning_rate":9.836065573770368e-07,"_runtime":1330,"charts/SPS":7555,"eval/mean_return":616.9193646084319,"_wandb":{"runtime":1330},"losses/old_approx_kl":-1.1175870895385742e-07,"global_step":9994240,"_timestamp":1.757055355413764e+09,"_step":305,"losses/clipfrac":0,"losses/approx_kl":1.730630174279213e-06,"losses/policy_loss":-0.0001062643714249134,"iteration":305,"losses/entropy":35.985294342041016,"losses/value_loss":10.058822631835938}